Category,Subcategory,Task,L1A,L1B,L1C,L2
User Account Management,Password & Authentication,Reset Azure AD password (standard user),âœ…,âœ…,âœ…,âœ…
User Account Management,Password & Authentication,Reset local AD password,âœ…,âœ…,âœ…,âœ…
User Account Management,Password & Authentication,Unlock account (standard lockout),âœ…,âœ…,âœ…,âœ…
User Account Management,Password & Authentication,Unlock account (security lockout/suspicious activity),âŒ,âš ï¸,âš ï¸,âœ…
User Account Management,Password & Authentication,Reset MFA - SMS/Authenticator app,âœ…,âœ…,âœ…,âœ…
User Account Management,Password & Authentication,Reset MFA - Hardware token,âŒ,ğŸŸ¡,âœ…,âœ…
User Account Management,Password & Authentication,Troubleshoot SSPR (Self-Service Password Reset),âŒ,ğŸŸ¡,âœ…,âœ…
User Account Management,Password & Authentication,Password expired - guide through reset,âœ…,âœ…,âœ…,âœ…
User Account Management,Password & Authentication,Password policy explanation,âœ…,âœ…,âœ…,âœ…
User Account Management,Password & Authentication,Troubleshoot Conditional Access blocking sign-in,âŒ,âš ï¸,âš ï¸,âœ…
User Account Management,Password & Authentication,Azure AD Connect password sync issues,âŒ,âŒ,âŒ,âœ…
User Account Management,Password & Authentication,Privileged account password reset (admin accounts),âŒ,âŒ,âŒ,âœ…
User Account Management,Account Provisioning,Create new user account (standard template),âŒ,âœ…,âœ…,âœ…
User Account Management,Account Provisioning,Create new user account (custom requirements),âŒ,âŒ,âš ï¸,âœ…
User Account Management,Account Provisioning,Assign Microsoft 365 license (standard roles),âŒ,âœ…,âœ…,âœ…
User Account Management,Account Provisioning,Assign Microsoft 365 license (custom allocation),âŒ,âŒ,âš ï¸,âœ…
User Account Management,Account Provisioning,Add user to distribution list,âŒ,âœ…,âœ…,âœ…
User Account Management,Account Provisioning,Add user to Microsoft 365 Group,âŒ,âœ…,âœ…,âœ…
User Account Management,Account Provisioning,Add user to security group (standard),âŒ,âœ…,âœ…,âœ…
User Account Management,Account Provisioning,Add user to security group (privileged/sensitive),âŒ,âŒ,âŒ,âœ…
User Account Management,Account Provisioning,Create shared mailbox,âŒ,âœ…,âœ…,âœ…
User Account Management,Account Provisioning,Create resource mailbox (room/equipment),âŒ,ğŸŸ¡,âœ…,âœ…
User Account Management,Account Provisioning,Assign mailbox permissions (Full Access Send As),âŒ,âœ…,âœ…,âœ…
User Account Management,Account Provisioning,Configure mailbox delegation (complex scenarios),âŒ,âŒ,âš ï¸,âœ…
User Account Management,Account Deprovisioning,Disable user account (following checklist),âŒ,âœ…,âœ…,âœ…
User Account Management,Account Deprovisioning,Remove licenses from disabled account,âŒ,âœ…,âœ…,âœ…
User Account Management,Account Deprovisioning,Convert mailbox to shared,âŒ,âœ…,âœ…,âœ…
User Account Management,Account Deprovisioning,Configure mailbox forwarding for departed user,âŒ,âœ…,âœ…,âœ…
User Account Management,Account Deprovisioning,Grant mailbox access to manager,âŒ,âœ…,âœ…,âœ…
User Account Management,Account Deprovisioning,Remove user from all groups,âŒ,âœ…,âœ…,âœ…
User Account Management,Account Deprovisioning,Export user's OneDrive contents,âŒ,âŒ,ğŸŸ¡,âœ…
User Account Management,Account Deprovisioning,Delete user account (permanent),âŒ,âŒ,âŒ,âœ…
User Account Management,Account Deprovisioning,Manage legal hold/litigation hold,âŒ,âŒ,âŒ,âœ…
Microsoft 365 Support,Outlook & Exchange Online,Create Outlook profile,âœ…,âœ…,âœ…,âœ…
Microsoft 365 Support,Outlook & Exchange Online,Troubleshoot Outlook profile corruption,ğŸŸ¡,âœ…,âœ…,âœ…
Microsoft 365 Support,Outlook & Exchange Online,Configure Out of Office,âœ…,âœ…,âœ…,âœ…
Microsoft 365 Support,Outlook & Exchange Online,Setup mobile email (iOS/Android),âœ…,âœ…,âœ…,âœ…
Microsoft 365 Support,Outlook & Exchange Online,Troubleshoot email not syncing,ğŸŸ¡,âœ…,âœ…,âœ…
Microsoft 365 Support,Outlook & Exchange Online,Calendar permissions (view-only),âœ…,âœ…,âœ…,âœ…
Microsoft 365 Support,Outlook & Exchange Online,Calendar permissions (editor/delegate),âŒ,âœ…,âœ…,âœ…
Microsoft 365 Support,Outlook & Exchange Online,Troubleshoot calendar sharing issues,âŒ,ğŸŸ¡,âœ…,âœ…
Microsoft 365 Support,Outlook & Exchange Online,Run message trace (basic - find email),âŒ,âœ…,âœ…,âœ…
Microsoft 365 Support,Outlook & Exchange Online,Run message trace (advanced - identify mail flow issues),âŒ,âŒ,âœ…,âœ…
Microsoft 365 Support,Outlook & Exchange Online,Email delivery troubleshooting (recipient issues),ğŸŸ¡,âœ…,âœ…,âœ…
Microsoft 365 Support,Outlook & Exchange Online,Troubleshoot mail flow rules blocking email,âŒ,âŒ,âš ï¸,âœ…
Microsoft 365 Support,Outlook & Exchange Online,Create/modify mail flow rules,âŒ,âŒ,âŒ,âœ…
Microsoft 365 Support,Outlook & Exchange Online,PST import/export guidance,âœ…,âœ…,âœ…,âœ…
Microsoft 365 Support,Outlook & Exchange Online,Mailbox permissions (Full Access),âŒ,âœ…,âœ…,âœ…
Microsoft 365 Support,Outlook & Exchange Online,Mailbox permissions (Send As Send on Behalf),âŒ,âœ…,âœ…,âœ…
Microsoft 365 Support,Outlook & Exchange Online,Configure email forwarding (user-level),ğŸŸ¡,âœ…,âœ…,âœ…
Microsoft 365 Support,Outlook & Exchange Online,Configure email forwarding (transport rule),âŒ,âŒ,âŒ,âœ…
Microsoft 365 Support,Outlook & Exchange Online,Recover deleted emails (user's Deleted Items),âœ…,âœ…,âœ…,âœ…
Microsoft 365 Support,Outlook & Exchange Online,Recover deleted emails (Recoverable Items folder),âŒ,ğŸŸ¡,âœ…,âœ…
Microsoft 365 Support,Outlook & Exchange Online,Mailbox quota management,âŒ,âŒ,ğŸŸ¡,âœ…
Microsoft 365 Support,Outlook & Exchange Online,Archive mailbox setup,âŒ,âŒ,âŒ,âœ…
Microsoft 365 Support,Outlook & Exchange Online,Retention policy troubleshooting,âŒ,âŒ,âŒ,âœ…
Microsoft 365 Support,OneDrive & SharePoint,OneDrive sync client - reset/re-link,âœ…,âœ…,âœ…,âœ…
Microsoft 365 Support,OneDrive & SharePoint,OneDrive Known Folder Move (Desktop/Documents),âŒ,âœ…,âœ…,âœ…
Microsoft 365 Support,OneDrive & SharePoint,OneDrive storage quota questions,âœ…,âœ…,âœ…,âœ…
Microsoft 365 Support,OneDrive & SharePoint,OneDrive sync troubleshooting (advanced),âŒ,ğŸŸ¡,âœ…,âœ…
Microsoft 365 Support,OneDrive & SharePoint,File sharing link creation (anyone/specific),âœ…,âœ…,âœ…,âœ…
Microsoft 365 Support,OneDrive & SharePoint,SharePoint site member access,âŒ,âœ…,âœ…,âœ…
Microsoft 365 Support,OneDrive & SharePoint,SharePoint site visitor access,âŒ,âœ…,âœ…,âœ…
Microsoft 365 Support,OneDrive & SharePoint,SharePoint folder/file permissions,âŒ,âœ…,âœ…,âœ…
Microsoft 365 Support,OneDrive & SharePoint,SharePoint permission inheritance troubleshooting,âŒ,âŒ,âš ï¸,âœ…
Microsoft 365 Support,OneDrive & SharePoint,SharePoint site collection administration,âŒ,âŒ,âŒ,âœ…
Microsoft 365 Support,OneDrive & SharePoint,SharePoint migration (file shares to SharePoint),âŒ,âŒ,âŒ,âœ…
Microsoft 365 Support,OneDrive & SharePoint,OneDrive/SharePoint sync conflicts,âŒ,ğŸŸ¡,âœ…,âœ…
Microsoft 365 Support,OneDrive & SharePoint,Recover deleted files (user's recycle bin),âœ…,âœ…,âœ…,âœ…
Microsoft 365 Support,OneDrive & SharePoint,Recover deleted files (site collection recycle bin),âŒ,âŒ,ğŸŸ¡,âœ…
Microsoft 365 Support,Microsoft Teams,Add/remove team members,âœ…,âœ…,âœ…,âœ…
Microsoft 365 Support,Microsoft Teams,Create Teams channel,âœ…,âœ…,âœ…,âœ…
Microsoft 365 Support,Microsoft Teams,Troubleshoot can't join meeting,âœ…,âœ…,âœ…,âœ…
Microsoft 365 Support,Microsoft Teams,Teams audio/video issues (client-side),ğŸŸ¡,âœ…,âœ…,âœ…
Microsoft 365 Support,Microsoft Teams,Teams guest access (following approval process),âŒ,âœ…,âœ…,âœ…
Microsoft 365 Support,Microsoft Teams,Teams calling basics (transfer hold voicemail),âŒ,âœ…,âœ…,âœ…
Microsoft 365 Support,Microsoft Teams,Teams call forwarding setup,âŒ,âœ…,âœ…,âœ…
Microsoft 365 Support,Microsoft Teams,Troubleshoot Teams policies blocking actions,âŒ,âŒ,âš ï¸,âœ…
Microsoft 365 Support,Microsoft Teams,Create/modify Teams policies,âŒ,âŒ,âŒ,âœ…
Microsoft 365 Support,Microsoft Teams,Teams Phone System troubleshooting,âŒ,âŒ,âš ï¸,âœ…
Microsoft 365 Support,Microsoft Teams,Teams direct routing issues,âŒ,âŒ,âŒ,âœ…
Microsoft 365 Support,Microsoft Teams,Teams Room troubleshooting (basic),âŒ,ğŸŸ¡,âœ…,âœ…
Microsoft 365 Support,Microsoft Teams,Teams Room troubleshooting (advanced),âŒ,âŒ,âŒ,âœ…
Microsoft 365 Support,Microsoft Office Applications,Office activation troubleshooting,ğŸŸ¡,âœ…,âœ…,âœ…
Microsoft 365 Support,Microsoft Office Applications,Office application crashes - repair,ğŸŸ¡,âœ…,âœ…,âœ…
Microsoft 365 Support,Microsoft Office Applications,Office application crashes - reinstall,ğŸŸ¡,âœ…,âœ…,âœ…
Microsoft 365 Support,Microsoft Office Applications,Word/Excel/PowerPoint basic support,âœ…,âœ…,âœ…,âœ…
Microsoft 365 Support,Microsoft Office Applications,Excel - intermediate formulas (VLOOKUP IF),âŒ,âœ…,âœ…,âœ…
Microsoft 365 Support,Microsoft Office Applications,Excel - advanced formulas (INDEX/MATCH complex),âŒ,âŒ,ğŸŸ¡,âœ…
Microsoft 365 Support,Microsoft Office Applications,Excel - macros troubleshooting,âŒ,âŒ,âŒ,âœ…
Microsoft 365 Support,Microsoft Office Applications,Excel - Power Query basics,âŒ,âŒ,âŒ,âœ…
Microsoft 365 Support,Microsoft Office Applications,Access database support,âŒ,âŒ,âŒ,âœ…
Microsoft 365 Support,Microsoft Office Applications,Office updates - manual trigger,âœ…,âœ…,âœ…,âœ…
Microsoft 365 Support,Microsoft Office Applications,Office updates - troubleshoot failures,âŒ,ğŸŸ¡,âœ…,âœ…
Endpoint Support - Windows,Operating System,Windows Update - check for updates,âœ…,âœ…,âœ…,âœ…
Endpoint Support - Windows,Operating System,Windows Update - troubleshoot failures,âŒ,ğŸŸ¡,âœ…,âœ…
Endpoint Support - Windows,Operating System,Windows Update - pause updates,âŒ,âœ…,âœ…,âœ…
Endpoint Support - Windows,Operating System,Restart Windows (standard),âœ…,âœ…,âœ…,âœ…
Endpoint Support - Windows,Operating System,Safe Mode boot guidance,âŒ,âœ…,âœ…,âœ…
Endpoint Support - Windows,Operating System,Disk Cleanup,âœ…,âœ…,âœ…,âœ…
Endpoint Support - Windows,Operating System,Task Manager - identify resource hogs,âŒ,ğŸŸ¡,âœ…,âœ…
Endpoint Support - Windows,Operating System,Event Viewer - basic review,âŒ,ğŸŸ¡,âœ…,âœ…
Endpoint Support - Windows,Operating System,Event Viewer - advanced diagnosis,âŒ,âŒ,âš ï¸,âœ…
Endpoint Support - Windows,Operating System,System File Checker (sfc /scannow),âŒ,âœ…,âœ…,âœ…
Endpoint Support - Windows,Operating System,DISM repair,âŒ,âŒ,âŒ,âœ…
Endpoint Support - Windows,Operating System,Windows in-place upgrade,âŒ,âŒ,âŒ,âœ…
Endpoint Support - Windows,Operating System,BSOD troubleshooting,âŒ,âŒ,âš ï¸,âœ…
Endpoint Support - Windows,Operating System,Windows Activation troubleshooting,âŒ,ğŸŸ¡,âœ…,âœ…
Endpoint Support - Windows,Operating System,Windows performance troubleshooting,âŒ,ğŸŸ¡,âœ…,âœ…
Endpoint Support - Windows,VPN & Networking,VPN connection - re-download profile,âœ…,âœ…,âœ…,âœ…
Endpoint Support - Windows,VPN & Networking,VPN connection - verify credentials,âœ…,âœ…,âœ…,âœ…
Endpoint Support - Windows,VPN & Networking,VPN troubleshooting (client-side),ğŸŸ¡,âœ…,âœ…,âœ…
Endpoint Support - Windows,VPN & Networking,VPN troubleshooting (server-side),âŒ,âŒ,âŒ,âœ…
Endpoint Support - Windows,VPN & Networking,ipconfig commands (ipconfig /all /release /renew),ğŸŸ¡,âœ…,âœ…,âœ…
Endpoint Support - Windows,VPN & Networking,ping tracert basic usage,ğŸŸ¡,âœ…,âœ…,âœ…
Endpoint Support - Windows,VPN & Networking,nslookup DNS troubleshooting,âŒ,âœ…,âœ…,âœ…
Endpoint Support - Windows,VPN & Networking,Flush DNS cache,ğŸŸ¡,âœ…,âœ…,âœ…
Endpoint Support - Windows,VPN & Networking,Wi-Fi connectivity troubleshooting,âœ…,âœ…,âœ…,âœ…
Endpoint Support - Windows,VPN & Networking,Wi-Fi forget/re-add network,âœ…,âœ…,âœ…,âœ…
Endpoint Support - Windows,VPN & Networking,Ethernet connectivity troubleshooting,ğŸŸ¡,âœ…,âœ…,âœ…
Endpoint Support - Windows,VPN & Networking,Network adapter reset,âŒ,âœ…,âœ…,âœ…
Endpoint Support - Windows,VPN & Networking,Network adapter driver update,âŒ,ğŸŸ¡,âœ…,âœ…
Endpoint Support - Windows,VPN & Networking,DHCP issues (client-side),âŒ,âœ…,âœ…,âœ…
Endpoint Support - Windows,VPN & Networking,DHCP issues (server-side),âŒ,âŒ,âŒ,âœ…
Endpoint Support - Windows,VPN & Networking,Static IP configuration,âŒ,ğŸŸ¡,âœ…,âœ…
Endpoint Support - Windows,Mapped Drives & File Shares,Mapped drive not connecting - reconnect,âœ…,âœ…,âœ…,âœ…
Endpoint Support - Windows,Mapped Drives & File Shares,Mapped drive credential issues,âœ…,âœ…,âœ…,âœ…
Endpoint Support - Windows,Mapped Drives & File Shares,Create new mapped drive,ğŸŸ¡,âœ…,âœ…,âœ…
Endpoint Support - Windows,Mapped Drives & File Shares,UNC path access issues,âŒ,âœ…,âœ…,âœ…
Endpoint Support - Windows,Mapped Drives & File Shares,File share permissions troubleshooting,âŒ,âš ï¸,âš ï¸,âœ…
Endpoint Support - Windows,Mapped Drives & File Shares,DFS namespace access issues,âŒ,âŒ,âš ï¸,âœ…
Endpoint Support - Windows,Printers,Add network printer (from directory),âœ…,âœ…,âœ…,âœ…
Endpoint Support - Windows,Printers,Add network printer (by IP address),ğŸŸ¡,âœ…,âœ…,âœ…
Endpoint Support - Windows,Printers,Install printer driver (from catalog),âœ…,âœ…,âœ…,âœ…
Endpoint Support - Windows,Printers,Install printer driver (custom/download),âŒ,ğŸŸ¡,âœ…,âœ…
Endpoint Support - Windows,Printers,Clear print queue,âœ…,âœ…,âœ…,âœ…
Endpoint Support - Windows,Printers,Restart print spooler service,âŒ,âœ…,âœ…,âœ…
Endpoint Support - Windows,Printers,Set default printer,âœ…,âœ…,âœ…,âœ…
Endpoint Support - Windows,Printers,Printer offline troubleshooting,ğŸŸ¡,âœ…,âœ…,âœ…
Endpoint Support - Windows,Printers,Printer not printing - basic troubleshooting,ğŸŸ¡,âœ…,âœ…,âœ…
Endpoint Support - Windows,Printers,Printer not printing - advanced troubleshooting,âŒ,âš ï¸,âœ…,âœ…
Endpoint Support - Windows,Printers,Scan to email/network folder setup,âŒ,ğŸŸ¡,âœ…,âœ…
Endpoint Support - Windows,Printers,Multi-function printer troubleshooting,âŒ,ğŸŸ¡,âœ…,âœ…
Endpoint Support - Windows,Printers,Print server issues,âŒ,âŒ,âŒ,âœ…
Endpoint Support - Windows,Printers,Group Policy printer deployment,âŒ,âŒ,âŒ,âœ…
Endpoint Support - macOS,macOS Operating System,macOS VPN configuration,ğŸŸ¡,âœ…,âœ…,âœ…
Endpoint Support - macOS,macOS Operating System,macOS printer setup,ğŸŸ¡,âœ…,âœ…,âœ…
Endpoint Support - macOS,macOS Operating System,Microsoft Office installation (Mac),ğŸŸ¡,âœ…,âœ…,âœ…
Endpoint Support - macOS,macOS Operating System,Keychain password issues (basic),âŒ,ğŸŸ¡,âœ…,âœ…
Endpoint Support - macOS,macOS Operating System,Keychain password issues (advanced),âŒ,âŒ,âš ï¸,âœ…
Endpoint Support - macOS,macOS Operating System,macOS update troubleshooting,âŒ,ğŸŸ¡,âœ…,âœ…
Endpoint Support - macOS,macOS Operating System,macOS performance issues,âŒ,ğŸŸ¡,âœ…,âœ…
Endpoint Support - macOS,macOS Operating System,macOS application troubleshooting,âŒ,ğŸŸ¡,âœ…,âœ…
Endpoint Support - macOS,macOS Operating System,macOS Disk Utility basics,âŒ,ğŸŸ¡,âœ…,âœ…
Endpoint Support - macOS,macOS Operating System,macOS Safe Mode boot,âŒ,ğŸŸ¡,âœ…,âœ…
Endpoint Support - macOS,macOS Operating System,macOS permissions repair,âŒ,âŒ,ğŸŸ¡,âœ…
Mobile Device Support,iOS Devices,Email configuration (Outlook app),âœ…,âœ…,âœ…,âœ…
Mobile Device Support,iOS Devices,Email configuration (iOS Mail app),âœ…,âœ…,âœ…,âœ…
Mobile Device Support,iOS Devices,Wi-Fi troubleshooting,âœ…,âœ…,âœ…,âœ…
Mobile Device Support,iOS Devices,MDM enrollment (Company Portal),ğŸŸ¡,âœ…,âœ…,âœ…
Mobile Device Support,iOS Devices,MDM enrollment troubleshooting,âŒ,âš ï¸,âœ…,âœ…
Mobile Device Support,iOS Devices,App installation from Company Portal,âœ…,âœ…,âœ…,âœ…
Mobile Device Support,iOS Devices,iOS troubleshooting (restart network reset),âœ…,âœ…,âœ…,âœ…
Mobile Device Support,iOS Devices,DEP/ABM enrollment issues,âŒ,âŒ,âŒ,âœ…
Mobile Device Support,iOS Devices,iOS compliance policy issues,âŒ,âŒ,âš ï¸,âœ…
Mobile Device Support,Android Devices,Email configuration (Outlook app),âœ…,âœ…,âœ…,âœ…
Mobile Device Support,Android Devices,Email configuration (Gmail app),âœ…,âœ…,âœ…,âœ…
Mobile Device Support,Android Devices,Wi-Fi troubleshooting,âœ…,âœ…,âœ…,âœ…
Mobile Device Support,Android Devices,MDM enrollment (Company Portal),ğŸŸ¡,âœ…,âœ…,âœ…
Mobile Device Support,Android Devices,MDM enrollment troubleshooting,âŒ,âš ï¸,âœ…,âœ…
Mobile Device Support,Android Devices,App installation from Company Portal,âœ…,âœ…,âœ…,âœ…
Mobile Device Support,Android Devices,Android troubleshooting (restart cache clear),âœ…,âœ…,âœ…,âœ…
Mobile Device Support,Android Devices,Android compliance policy issues,âŒ,âŒ,âš ï¸,âœ…
Intune & MDM,Device Management,Check device compliance status,âŒ,âœ…,âœ…,âœ…
Intune & MDM,Device Management,Explain compliance policy requirements,âŒ,âœ…,âœ…,âœ…
Intune & MDM,Device Management,Company Portal - re-sync device,âŒ,âœ…,âœ…,âœ…
Intune & MDM,Device Management,Company Portal - reinstall,âŒ,âœ…,âœ…,âœ…
Intune & MDM,Device Management,Check app assignment in Intune,âŒ,âœ…,âœ…,âœ…
Intune & MDM,Device Management,Trigger device sync from Intune portal,âŒ,ğŸŸ¡,âœ…,âœ…
Intune & MDM,Device Management,Intune policy assignment verification,âŒ,ğŸŸ¡,âœ…,âœ…
Intune & MDM,Device Management,Troubleshoot Intune enrollment failures,âŒ,âš ï¸,âœ…,âœ…
Intune & MDM,Device Management,Intune compliance policy troubleshooting,âŒ,âŒ,âš ï¸,âœ…
Intune & MDM,Device Management,Create/modify Intune policies,âŒ,âŒ,âŒ,âœ…
Intune & MDM,Device Management,Intune app deployment,âŒ,âŒ,âŒ,âœ…
Intune & MDM,Device Management,Windows Autopilot troubleshooting,âŒ,âŒ,âŒ,âœ…
Group Policy & Active Directory,Group Policy,Run gpresult /r,âŒ,âœ…,âœ…,âœ…
Group Policy & Active Directory,Group Policy,Run gpupdate /force,âŒ,âœ…,âœ…,âœ…
Group Policy & Active Directory,Group Policy,Identify conflicting GPOs,âŒ,ğŸŸ¡,âœ…,âœ…
Group Policy & Active Directory,Group Policy,Document GPO impact for escalation,âŒ,âœ…,âœ…,âœ…
Group Policy & Active Directory,Group Policy,Create/modify Group Policy,âŒ,âŒ,âŒ,âœ…
Group Policy & Active Directory,Group Policy,Group Policy troubleshooting (advanced),âŒ,âŒ,âš ï¸,âœ…
Group Policy & Active Directory,Active Directory,Check user properties in AD,âŒ,âœ…,âœ…,âœ…
Group Policy & Active Directory,Active Directory,Check computer properties in AD,âŒ,âœ…,âœ…,âœ…
Group Policy & Active Directory,Active Directory,Verify group membership,âŒ,âœ…,âœ…,âœ…
Group Policy & Active Directory,Active Directory,Add user to security group (standard),âŒ,âœ…,âœ…,âœ…
Group Policy & Active Directory,Active Directory,Move computer object between OUs,âŒ,âŒ,ğŸŸ¡,âœ…
Group Policy & Active Directory,Active Directory,Unlock AD account,âœ…,âœ…,âœ…,âœ…
Group Policy & Active Directory,Active Directory,Reset AD password,âœ…,âœ…,âœ…,âœ…
Group Policy & Active Directory,Active Directory,Enable/disable AD account,âŒ,âœ…,âœ…,âœ…
Software Applications,Line-of-Business Applications,Verify user has access to LOB app,ğŸŸ¡,âœ…,âœ…,âœ…
Software Applications,Line-of-Business Applications,Check LOB app license/subscription,âŒ,ğŸŸ¡,âœ…,âœ…
Software Applications,Line-of-Business Applications,Basic LOB app troubleshooting,âŒ,ğŸŸ¡,âœ…,âœ…
Software Applications,Line-of-Business Applications,LOB app configuration changes,âŒ,âŒ,âŒ,âœ…
Software Applications,Line-of-Business Applications,LOB app error investigation,âŒ,âš ï¸,âš ï¸,âœ…
Software Applications,Adobe Creative Cloud,Adobe Acrobat Reader installation,âœ…,âœ…,âœ…,âœ…
Software Applications,Adobe Creative Cloud,Adobe Acrobat Reader basic support,âœ…,âœ…,âœ…,âœ…
Software Applications,Adobe Creative Cloud,Adobe Acrobat Pro installation,âŒ,âœ…,âœ…,âœ…
Software Applications,Adobe Creative Cloud,Adobe Acrobat Pro licensing,âŒ,âœ…,âœ…,âœ…
Software Applications,Adobe Creative Cloud,Adobe Creative Cloud app installation,âŒ,âœ…,âœ…,âœ…
Software Applications,Adobe Creative Cloud,Adobe Creative Cloud licensing,âŒ,ğŸŸ¡,âœ…,âœ…
Software Applications,Adobe Creative Cloud,Adobe Creative Cloud troubleshooting,âŒ,ğŸŸ¡,âœ…,âœ…
Software Applications,Web Browsers,Clear browser cache,âœ…,âœ…,âœ…,âœ…
Software Applications,Web Browsers,Reset browser settings,âœ…,âœ…,âœ…,âœ…
Software Applications,Web Browsers,Set default browser,âœ…,âœ…,âœ…,âœ…
Software Applications,Web Browsers,Browser extension troubleshooting,ğŸŸ¡,âœ…,âœ…,âœ…
Software Applications,Web Browsers,Browser profile corruption,âŒ,âœ…,âœ…,âœ…
Software Applications,Web Browsers,Browser policy issues (Edge/Chrome),âŒ,âŒ,âš ï¸,âœ…
Software Applications,Other Common Applications,Zoom client installation,âœ…,âœ…,âœ…,âœ…
Software Applications,Other Common Applications,Zoom client troubleshooting,ğŸŸ¡,âœ…,âœ…,âœ…
Software Applications,Other Common Applications,Install software from approved catalog,âœ…,âœ…,âœ…,âœ…
Software Applications,Other Common Applications,Install custom software (not in catalog),âŒ,âŒ,âŒ,âœ…
Software Applications,Other Common Applications,Application packaging (MSI MSIX Win32),âŒ,âŒ,âŒ,âœ…
Security & Compliance,Security Incidents,Phishing email - forward to security team,âœ…,âœ…,âœ…,âœ…
Security & Compliance,Security Incidents,Phishing email - user guidance,âœ…,âœ…,âœ…,âœ…
Security & Compliance,Security Incidents,Malware alert - follow runbook,ğŸŸ¡,âœ…,âœ…,âœ…
Security & Compliance,Security Incidents,Malware alert - isolate endpoint,âŒ,ğŸŸ¡,âœ…,âœ…
Security & Compliance,Security Incidents,Suspicious activity - report to security,âœ…,âœ…,âœ…,âœ…
Security & Compliance,Security Incidents,Compromised account - disable account,âŒ,ğŸŸ¡,âœ…,âœ…
Security & Compliance,Security Incidents,Security incident investigation,âŒ,âŒ,âš ï¸,âœ…
Security & Compliance,Security Incidents,Ransomware response,âŒ,âŒ,âŒ,âœ…
Security & Compliance,Antivirus/EDR,Microsoft Defender false positive - allow file,âŒ,ğŸŸ¡,âœ…,âœ…
Security & Compliance,Antivirus/EDR,Microsoft Defender quarantine - restore file,âŒ,ğŸŸ¡,âœ…,âœ…
Security & Compliance,Antivirus/EDR,Microsoft Defender scan - manual trigger,ğŸŸ¡,âœ…,âœ…,âœ…
Security & Compliance,Antivirus/EDR,Microsoft Defender alerts - triage,âŒ,ğŸŸ¡,âœ…,âœ…
Security & Compliance,Antivirus/EDR,Microsoft Defender for Endpoint investigation,âŒ,âŒ,âš ï¸,âœ…
Security & Compliance,BitLocker,BitLocker recovery key retrieval,âŒ,ğŸŸ¡,âœ…,âœ…
Security & Compliance,BitLocker,BitLocker unlock guidance,âŒ,ğŸŸ¡,âœ…,âœ…
Security & Compliance,BitLocker,BitLocker enable/disable,âŒ,âŒ,âŒ,âœ…
Security & Compliance,BitLocker,BitLocker policy troubleshooting,âŒ,âŒ,âŒ,âœ…
Telephony & Communication,3CX Phone System,3CX client installation,âŒ,âœ…,âœ…,âœ…
Telephony & Communication,3CX Phone System,3CX client login troubleshooting,âŒ,âœ…,âœ…,âœ…
Telephony & Communication,3CX Phone System,3CX call forwarding setup (user),âŒ,âœ…,âœ…,âœ…
Telephony & Communication,3CX Phone System,3CX voicemail access,âŒ,âœ…,âœ…,âœ…
Telephony & Communication,3CX Phone System,3CX extension issues,âŒ,âš ï¸,âš ï¸,âœ…
Telephony & Communication,3CX Phone System,3CX admin configuration,âŒ,âŒ,âŒ,âœ…
Telephony & Communication,3CX Phone System,3CX SIP trunk issues,âŒ,âŒ,âŒ,âœ…
Telephony & Communication,Physical Desk Phones,Desk phone basic troubleshooting (reboot),ğŸŸ¡,âœ…,âœ…,âœ…
Telephony & Communication,Physical Desk Phones,Desk phone configuration (speed dial etc.),âŒ,ğŸŸ¡,âœ…,âœ…
Telephony & Communication,Physical Desk Phones,Desk phone provisioning,âŒ,âŒ,âŒ,âœ…
Telephony & Communication,Physical Desk Phones,Desk phone network issues,âŒ,âŒ,âš ï¸,âœ…
Hardware Support,Desktop/Laptop Hardware,Hardware failure identification (basic),ğŸŸ¡,âœ…,âœ…,âœ…
Hardware Support,Desktop/Laptop Hardware,Hardware failure identification (advanced),âŒ,âš ï¸,âœ…,âœ…
Hardware Support,Desktop/Laptop Hardware,Monitor issues troubleshooting,ğŸŸ¡,âœ…,âœ…,âœ…
Hardware Support,Desktop/Laptop Hardware,Keyboard/mouse troubleshooting,âœ…,âœ…,âœ…,âœ…
Hardware Support,Desktop/Laptop Hardware,USB device not recognized,ğŸŸ¡,âœ…,âœ…,âœ…
Hardware Support,Desktop/Laptop Hardware,Docking station issues,âŒ,ğŸŸ¡,âœ…,âœ…
Hardware Support,Desktop/Laptop Hardware,Hardware warranty/RMA process,âŒ,âŒ,ğŸŸ¡,âœ…
Hardware Support,Desktop/Laptop Hardware,Hardware upgrade recommendations,âŒ,âŒ,ğŸŸ¡,âœ…
Hardware Support,Peripherals,USB headset troubleshooting,ğŸŸ¡,âœ…,âœ…,âœ…
Hardware Support,Peripherals,Webcam troubleshooting,ğŸŸ¡,âœ…,âœ…,âœ…
Hardware Support,Peripherals,External monitor setup (single),âœ…,âœ…,âœ…,âœ…
Hardware Support,Peripherals,External monitor setup (dual/triple),âŒ,âœ…,âœ…,âœ…
Hardware Support,Peripherals,Bluetooth device pairing,ğŸŸ¡,âœ…,âœ…,âœ…
Backup & Recovery,File Recovery,Recover deleted files (Recycle Bin),âœ…,âœ…,âœ…,âœ…
Backup & Recovery,File Recovery,Recover deleted files (OneDrive),âœ…,âœ…,âœ…,âœ…
Backup & Recovery,File Recovery,Recover deleted files (SharePoint),âŒ,ğŸŸ¡,âœ…,âœ…
Backup & Recovery,File Recovery,Recover deleted files (file share backup),âŒ,âŒ,ğŸŸ¡,âœ…
Backup & Recovery,File Recovery,Recover previous versions (OneDrive),ğŸŸ¡,âœ…,âœ…,âœ…
Backup & Recovery,File Recovery,Recover previous versions (SharePoint),âŒ,ğŸŸ¡,âœ…,âœ…
Backup & Recovery,Email Recovery,Recover deleted emails (Deleted Items),âœ…,âœ…,âœ…,âœ…
Backup & Recovery,Email Recovery,Recover deleted emails (Recoverable Items),âŒ,ğŸŸ¡,âœ…,âœ…
Backup & Recovery,Email Recovery,Recover purged emails (retention policy),âŒ,âŒ,âŒ,âœ…
Remote Support Tools,Remote Access,Initiate remote support session,âœ…,âœ…,âœ…,âœ…
Remote Support Tools,Remote Access,Remote control desktop (TeamViewer/similar),âœ…,âœ…,âœ…,âœ…
Remote Support Tools,Remote Access,Remote PowerShell session,âŒ,âŒ,âŒ,âœ…
Remote Support Tools,Remote Access,Remote registry editing,âŒ,âŒ,âŒ,âœ…
Ticket & Documentation Management,Ticket Management,Accurate ticket categorization,âœ…,âœ…,âœ…,âœ…
Ticket & Documentation Management,Ticket Management,Priority assignment (P1/P2/P3/P4),âœ…,âœ…,âœ…,âœ…
Ticket & Documentation Management,Ticket Management,Detailed ticket documentation,âœ…,âœ…,âœ…,âœ…
Ticket & Documentation Management,Ticket Management,Escalation with adequate context,âœ…,âœ…,âœ…,âœ…
Ticket & Documentation Management,Ticket Management,SLA monitoring,âœ…,âœ…,âœ…,âœ…
Ticket & Documentation Management,Ticket Management,Customer communication (updates),âœ…,âœ…,âœ…,âœ…
Ticket & Documentation Management,Ticket Management,Knowledge base article reference in tickets,âœ…,âœ…,âœ…,âœ…
Ticket & Documentation Management,Knowledge Management,Search knowledge base,âœ…,âœ…,âœ…,âœ…
Ticket & Documentation Management,Knowledge Management,Provide feedback on KB articles,âœ…,âœ…,âœ…,âœ…
Ticket & Documentation Management,Knowledge Management,Create KB articles,âŒ,âœ…,âœ…,âœ…
Ticket & Documentation Management,Knowledge Management,Update existing KB articles,âŒ,âœ…,âœ…,âœ…
Ticket & Documentation Management,Knowledge Management,Peer review KB articles,âŒ,âŒ,âœ…,âœ…
Training & Mentoring,Team Support,Ask for help from senior team members,âœ…,âœ…,âœ…,âœ…
Training & Mentoring,Team Support,Assist co-workers with questions,ğŸŸ¡,âœ…,âœ…,âœ…
Training & Mentoring,Team Support,Mentor L1A team members,âŒ,âœ…,âœ…,âœ…
Training & Mentoring,Team Support,Mentor L1A and L1B team members,âŒ,âŒ,âœ…,âœ…
Training & Mentoring,Team Support,Conduct peer training sessions,âŒ,âŒ,âœ…,âœ…
Training & Mentoring,Team Support,Shadow L2 technicians,âŒ,âœ…,âœ…,N/A
Training & Mentoring,Team Support,Review L1A tickets for quality,âŒ,âœ…,âœ…,âœ…
Project Work,Project Participation,Assist with projects (as directed),ğŸŸ¡,âœ…,âœ…,âœ…
Project Work,Project Participation,User migration support,âŒ,ğŸŸ¡,âœ…,âœ…
Project Work,Project Participation,Desktop rollout support,âŒ,ğŸŸ¡,âœ…,âœ…
Project Work,Project Participation,Application deployment testing,âŒ,ğŸŸ¡,âœ…,âœ…
Project Work,Project Participation,Own small projects (<100 users <2 weeks),âŒ,âŒ,âŒ,âœ…
Project Work,Project Participation,Own medium projects (<500 users <1 month),âŒ,âŒ,âŒ,âœ…
